filepath,filename,sti_score,standard_noise_percent,standard_reverb_percent,standard_noise_loss,standard_reverb_loss,simple_noise_percent,simple_reverb_percent,simple_noise_loss,simple_reverb_loss,snr_per_band,avg_snr,ti_per_band,ti_mtf,ti_noise,theoretical_rt60,theoretical_snr
C:\Users\itama\OneDrive\מסמכים\GitHub\STIPA-python\STIPA-recs\STIPA recs simulations\small dataset\dataset\stipa_0.17s_ambient noise_SNR-10dB.wav,stipa_0.17s_ambient noise_SNR-10dB.wav,0.453,91.388,8.612,0.480,0.045,87.719,12.281,0.480,0.067,"[np.float64(-3.9193415626538206), np.float64(6.438893520655917), np.float64(1.218824820483916), np.float64(0.96329010509332), np.float64(-1.9429287596876144), np.float64(-0.7329589388954276), np.float64(4.412300503492362)]",0.920,"[0.36935528 0.61636109 0.48653231 0.46703164 0.37836943 0.40770507
 0.51876071]","[0.44348359 0.61636109 0.48653231 0.46703164 0.37836943 0.40770507
 0.51876071]","[0.36935528 0.71462978 0.54062749 0.53210967 0.43523571 0.47556804
 0.64707668]",0.170,-10.000
C:\Users\itama\OneDrive\מסמכים\GitHub\STIPA-python\STIPA-recs\STIPA recs simulations\small dataset\dataset\stipa_0.17s_ambient noise_SNR0dB.wav,stipa_0.17s_ambient noise_SNR0dB.wav,0.666,43.894,56.106,0.170,0.217,50.855,49.145,0.170,0.164,"[np.float64(2.9575947011264803), np.float64(16.38028127563379), np.float64(11.266663305612155), np.float64(11.033391694787936), np.float64(8.057133138772047), np.float64(9.234769436164482), np.float64(14.398841186718872)]",10.476,"[0.53211262 0.82013028 0.73062446 0.6508125  0.63382598 0.66994293
 0.68366772]","[0.53211262 0.82013028 0.73062446 0.6508125  0.63382598 0.66994293
 0.68366772]","[0.59858649 1.         0.87555544 0.86777972 0.7685711  0.80782565
 0.97996137]",0.170,0.000
C:\Users\itama\OneDrive\מסמכים\GitHub\STIPA-python\STIPA-recs\STIPA recs simulations\small dataset\dataset\stipa_0.17s_ambient noise_SNR10dB.wav,stipa_0.17s_ambient noise_SNR10dB.wav,0.808,11.048,88.952,0.021,0.172,11.107,88.893,0.021,0.171,"[np.float64(12.389385274189724), np.float64(26.362111747925873), np.float64(21.275220149671313), np.float64(21.037910507420495), np.float64(18.050908268508902), np.float64(19.228436091489932), np.float64(24.391355800564895)]",20.391,"[0.70380501 0.92034904 0.90794169 0.73237248 0.80875766 0.88130708
 0.74179203]","[0.70380501 0.92034904 0.90794169 0.73237248 0.80875766 0.88130708
 0.74179203]","[0.91297951 1.         1.         1.         1.         1.
 1.        ]",0.170,10.000
C:\Users\itama\OneDrive\מסמכים\GitHub\STIPA-python\STIPA-recs\STIPA recs simulations\small dataset\dataset\stipa_0.21s_ambient noise_SNR-10dB.wav,stipa_0.21s_ambient noise_SNR-10dB.wav,0.521,74.187,25.813,0.403,0.140,84.195,15.805,0.403,0.076,"[np.float64(-6.540253521644058), np.float64(6.381227187397771), np.float64(5.167400119771139), np.float64(7.014316278996057), np.float64(7.995983137860746), np.float64(4.217430766510983), np.float64(-4.015007328844043)]",2.889,"[0.28199155 0.63537824 0.58776333 0.63139844 0.64813974 0.54741775
 0.32365016]","[0.44201574 0.63537824 0.58776333 0.63139844 0.64813974 0.54741775
 0.32365016]","[0.28199155 0.71270757 0.67224667 0.73381054 0.76653277 0.64058103
 0.36616642]",0.210,-10.000
C:\Users\itama\OneDrive\מסמכים\GitHub\STIPA-python\STIPA-recs\STIPA recs simulations\small dataset\dataset\stipa_0.21s_ambient noise_SNR0dB.wav,stipa_0.21s_ambient noise_SNR0dB.wav,0.745,56.343,43.657,0.144,0.111,56.339,43.661,0.144,0.111,"[np.float64(-5.010227726255561), np.float64(16.330590018434485), np.float64(15.173689773877124), np.float64(17.033938030644116), np.float64(17.99612540895083), np.float64(14.223435759922378), np.float64(5.872424881798352)]",11.660,"[0.33299241 0.89329894 0.83879803 0.87677063 0.88576013 0.80695687
 0.58845047]","[0.43780777 0.89329894 0.83879803 0.87677063 0.88576013 0.80695687
 0.58845047]","[0.33299241 1.         1.         1.         1.         0.97411453
 0.6957475 ]",0.210,0.000
C:\Users\itama\OneDrive\מסמכים\GitHub\STIPA-python\STIPA-recs\STIPA recs simulations\small dataset\dataset\stipa_0.21s_ambient noise_SNR10dB.wav,stipa_0.21s_ambient noise_SNR10dB.wav,0.898,71.187,28.813,0.070,0.028,68.971,31.029,0.070,0.032,"[np.float64(1.1015641478983198), np.float64(26.31516089139893), np.float64(25.173855540209917), np.float64(27.03650938766295), np.float64(27.99648940239097), np.float64(24.22680363855648), np.float64(15.850594373625338)]",21.100,"[0.48850002 1.         1.         1.         1.         0.99581806
 0.82417984]","[0.48850002 1.         1.         1.         1.         0.99581806
 0.82417984]",[0.5367188 1.        1.        1.        1.        1.        1.       ],0.210,10.000
C:\Users\itama\OneDrive\מסמכים\GitHub\STIPA-python\STIPA-recs\STIPA recs simulations\small dataset\dataset\stipa_0.46s_ambient noise_SNR-10dB.wav,stipa_0.46s_ambient noise_SNR-10dB.wav,0.560,64.624,35.376,0.355,0.194,80.575,19.425,0.355,0.085,"[np.float64(-4.798589114135788), np.float64(-1.2002784426620114), np.float64(9.23029072600518), np.float64(6.537066882823152), np.float64(8.576499429138977), np.float64(5.133078581553963), np.float64(7.63306472366378)]",4.444,"[0.34004703 0.44218671 0.69672006 0.61762984 0.65669037 0.56767905
 0.62857958]","[0.43007773 0.44218671 0.69672006 0.61762984 0.65669037 0.56767905
 0.62857958]","[0.34004703 0.45999072 0.80767636 0.71790223 0.78588331 0.67110262
 0.75443549]",0.460,-10.000
C:\Users\itama\OneDrive\מסמכים\GitHub\STIPA-python\STIPA-recs\STIPA recs simulations\small dataset\dataset\stipa_0.46s_ambient noise_SNR0dB.wav,stipa_0.46s_ambient noise_SNR0dB.wav,0.776,43.966,56.034,0.095,0.121,42.327,57.673,0.095,0.129,"[np.float64(1.8426558091791665), np.float64(9.046620727848376), np.float64(19.239266558069396), np.float64(16.59053511713983), np.float64(18.57958092986715), np.float64(15.119656284860705), np.float64(17.63032935610322)]",14.007,"[0.50877855 0.68834225 0.95925559 0.79557901 0.87151665 0.80932425
 0.83801832]","[0.50877855 0.68834225 0.95925559 0.79557901 0.87151665 0.80932425
 0.83801832]","[0.56142186 0.80155402 1.         1.         1.         1.
 1.        ]",0.460,0.000
C:\Users\itama\OneDrive\מסמכים\GitHub\STIPA-python\STIPA-recs\STIPA recs simulations\small dataset\dataset\stipa_0.46s_ambient noise_SNR10dB.wav,stipa_0.46s_ambient noise_SNR10dB.wav,0.908,25.157,74.843,0.026,0.076,27.854,72.146,0.026,0.066,"[np.float64(11.398057114754039), np.float64(19.120989808424902), np.float64(29.24218843698261), np.float64(26.603322228931596), np.float64(28.58089462892415), np.float64(25.116549092639488), np.float64(27.62568788972019)]",23.955,"[0.70618314 0.89798638 1.         0.87002733 0.9936783  0.97542692
 0.93010921]","[0.70618314 0.89798638 1.         0.87002733 0.9936783  0.97542692
 0.93010921]","[0.87993524 1.         1.         1.         1.         1.
 1.        ]",0.460,10.000
C:\Users\itama\OneDrive\מסמכים\GitHub\STIPA-python\STIPA-recs\STIPA recs simulations\small dataset\dataset\stipa_1.04s_ambient noise_SNR-10dB.wav,stipa_1.04s_ambient noise_SNR-10dB.wav,0.379,92.087,7.913,0.567,0.049,91.274,8.726,0.567,0.054,"[np.float64(-6.504776212007791), np.float64(8.003546059699653), np.float64(-2.0105118558880695), np.float64(1.7855923586293598), np.float64(-2.1177093081644784), np.float64(-4.407873411256107), np.float64(-6.812413158482766)]",-1.723,"[0.28317413 0.63057281 0.40896888 0.4918181  0.37049099 0.29126869
 0.24912847]","[0.44361408 0.63057281 0.40896888 0.4918181  0.37049099 0.29126869
 0.24912847]","[0.28317413 0.76678487 0.43298294 0.55951975 0.42940969 0.35307089
 0.27291956]",1.040,-10.000
C:\Users\itama\OneDrive\מסמכים\GitHub\STIPA-python\STIPA-recs\STIPA recs simulations\small dataset\dataset\stipa_1.04s_ambient noise_SNR0dB.wav,stipa_1.04s_ambient noise_SNR0dB.wav,0.567,56.678,43.322,0.287,0.220,66.373,33.627,0.287,0.146,"[np.float64(-4.798160462171143), np.float64(17.92495373540727), np.float64(8.03892553029247), np.float64(11.839483585450331), np.float64(7.895117049560345), np.float64(5.569425994659385), np.float64(3.009045337518741)]",7.068,"[0.34006132 0.77737172 0.6251393  0.69809224 0.60723377 0.52695708
 0.4542375 ]","[0.43987276 0.77737172 0.6251393  0.69809224 0.60723377 0.52695708
 0.4542375 ]","[0.34006132 1.         0.76796418 0.89464945 0.76317057 0.68564753
 0.60030151]",1.040,0.000
C:\Users\itama\OneDrive\מסמכים\GitHub\STIPA-python\STIPA-recs\STIPA recs simulations\small dataset\dataset\stipa_1.04s_ambient noise_SNR10dB.wav,stipa_1.04s_ambient noise_SNR10dB.wav,0.687,24.868,75.132,0.078,0.234,24.776,75.224,0.078,0.235,"[np.float64(1.5807117173452054), np.float64(27.90057373984441), np.float64(18.04000458890183), np.float64(21.84219490179455), np.float64(17.892445487036994), np.float64(15.570693002612517), np.float64(12.991254022941302)]",16.545,"[0.49058046 0.82888612 0.74581475 0.80923529 0.74142544 0.66085717
 0.59290767]","[0.49058046 0.82888612 0.74581475 0.80923529 0.74142544 0.66085717
 0.59290767]","[0.55269039 1.         1.         1.         1.         1.
 0.9330418 ]",1.040,10.000
C:\Users\itama\OneDrive\מסמכים\GitHub\STIPA-python\STIPA-recs\STIPA recs simulations\small dataset\dataset\stipa_1.30s_ambient noise_SNR-10dB.wav,stipa_1.30s_ambient noise_SNR-10dB.wav,0.457,47.013,52.987,0.305,0.343,56.099,43.901,0.305,0.238,"[np.float64(-6.4696994023090015), np.float64(3.371159204428769), np.float64(7.983532491977342), np.float64(8.853020754516441), np.float64(12.301080251479268), np.float64(6.239016699236263), np.float64(8.077729734675694)]",5.765,"[0.28434335 0.46636109 0.49102404 0.43158267 0.50345489 0.51001612
 0.50648056]","[0.44330038 0.46636109 0.49102404 0.43158267 0.50345489 0.51001612
 0.50648056]","[0.28434335 0.61237197 0.76611775 0.79510069 0.91003601 0.70796722
 0.76925766]",1.300,-10.000
C:\Users\itama\OneDrive\מסמכים\GitHub\STIPA-python\STIPA-recs\STIPA recs simulations\small dataset\dataset\stipa_1.30s_ambient noise_SNR0dB.wav,stipa_1.30s_ambient noise_SNR0dB.wav,0.522,20.551,79.449,0.100,0.388,21.009,78.991,0.100,0.378,"[np.float64(-4.107856999977485), np.float64(13.358774456892004), np.float64(17.984578580425264), np.float64(18.885688158098727), np.float64(22.30117600375003), np.float64(16.237671674844165), np.float64(18.075109490971716)]",14.676,"[0.36307143 0.56179882 0.55077354 0.460403   0.53282401 0.61189531
 0.567734  ]","[0.44620096 0.56179882 0.55077354 0.460403   0.53282401 0.61189531
 0.567734  ]","[0.36307143 0.94529248 1.         1.         1.         1.
 1.        ]",1.300,0.000
C:\Users\itama\OneDrive\מסמכים\GitHub\STIPA-python\STIPA-recs\STIPA recs simulations\small dataset\dataset\stipa_1.30s_ambient noise_SNR10dB.wav,stipa_1.30s_ambient noise_SNR10dB.wav,0.554,13.742,86.258,0.061,0.381,13.631,86.369,0.061,0.385,"[np.float64(3.2899432496856567), np.float64(23.355019756100162), np.float64(27.98433658153354), np.float64(28.893844414082533), np.float64(32.30184429991024), np.float64(26.238690571285645), np.float64(28.073181090128756)]",24.305,"[0.51090488 0.58601807 0.56520049 0.46754974 0.5394924  0.63813576
 0.58083142]","[0.51090488 0.58601807 0.56520049 0.46754974 0.5394924  0.63813576
 0.58083142]","[0.60966477 1.         1.         1.         1.         1.
 1.        ]",1.300,10.000
C:\Users\itama\OneDrive\מסמכים\GitHub\STIPA-python\STIPA-recs\STIPA recs simulations\small dataset\dataset\stipa_1.55s_ambient noise_SNR-10dB.wav,stipa_1.55s_ambient noise_SNR-10dB.wav,0.408,89.558,10.442,0.455,0.053,76.888,23.112,0.455,0.137,"[np.float64(-3.8925868573503157), np.float64(3.825116528863688), np.float64(7.082903935261604), np.float64(2.9128946464869667), np.float64(0.964330837858655), np.float64(-3.024842546747648), np.float64(4.997467780161977)]",1.838,"[0.3702471  0.43641449 0.53449337 0.39992888 0.40244063 0.30050151
 0.48972156]","[0.43467861 0.43641449 0.53449337 0.39992888 0.40244063 0.30050151
 0.48972156]","[0.3702471  0.62750388 0.7360968  0.59709649 0.53214436 0.39917192
 0.66658226]",1.550,-10.000
C:\Users\itama\OneDrive\מסמכים\GitHub\STIPA-python\STIPA-recs\STIPA recs simulations\small dataset\dataset\stipa_1.55s_ambient noise_SNR0dB.wav,stipa_1.55s_ambient noise_SNR0dB.wav,0.531,27.774,72.226,0.145,0.378,31.008,68.992,0.145,0.324,"[np.float64(3.1639782381451913), np.float64(13.799776766548957), np.float64(17.10585939965176), np.float64(12.999016261669574), np.float64(10.95084658624614), np.float64(6.955049252680502), np.float64(14.997648307930707)]",11.425,"[0.4829453  0.51371866 0.62069084 0.46151879 0.55673596 0.51138209
 0.60279458]","[0.4829453  0.51371866 0.62069084 0.46151879 0.55673596 0.51138209
 0.60279458]","[0.60546594 0.95999256 1.         0.93330054 0.86502822 0.73183498
 0.99992161]",1.550,0.000
C:\Users\itama\OneDrive\מסמכים\GitHub\STIPA-python\STIPA-recs\STIPA recs simulations\small dataset\dataset\stipa_1.55s_ambient noise_SNR10dB.wav,stipa_1.55s_ambient noise_SNR10dB.wav,0.576,4.579,95.421,0.020,0.418,4.734,95.266,0.020,0.404,"[np.float64(12.677077610118046), np.float64(23.79212709218706), np.float64(27.112269301394395), np.float64(23.01539216268736), np.float64(20.943632225350356), np.float64(16.955682359729842), np.float64(24.990924842064715)]",21.355,"[0.55843757 0.53364313 0.64244851 0.47704768 0.60421084 0.60250641
 0.63175111]","[0.55843757 0.53364313 0.64244851 0.47704768 0.60421084 0.60250641
 0.63175111]","[0.92256925 1.         1.         1.         1.         1.
 1.        ]",1.550,10.000
C:\Users\itama\OneDrive\מסמכים\GitHub\STIPA-python\STIPA-recs\STIPA recs simulations\small dataset\dataset\stipa_1.88s_ambient noise_SNR-10dB.wav,stipa_1.88s_ambient noise_SNR-10dB.wav,0.441,69.763,30.237,0.409,0.177,73.158,26.842,0.409,0.150,"[np.float64(-5.09279465100432), np.float64(6.7465474751002965), np.float64(-0.15360324919945756), np.float64(6.256374873835416), np.float64(3.5477826441871136), np.float64(2.294714164050882), np.float64(6.125909913426413)]",2.818,"[0.33024018 0.54734902 0.37679391 0.45565983 0.44624664 0.45393144
 0.48321111]","[0.43879288 0.54734902 0.37679391 0.45565983 0.44624664 0.45393144
 0.48321111]","[0.33024018 0.72488492 0.49487989 0.70854583 0.61825942 0.57649047
 0.704197  ]",1.880,-10.000
C:\Users\itama\OneDrive\מסמכים\GitHub\STIPA-python\STIPA-recs\STIPA recs simulations\small dataset\dataset\stipa_1.88s_ambient noise_SNR0dB.wav,stipa_1.88s_ambient noise_SNR0dB.wav,0.551,24.268,75.732,0.115,0.360,25.713,74.287,0.115,0.333,"[np.float64(0.590637869710841), np.float64(16.739544210640997), np.float64(9.890592496633504), np.float64(16.268910927689287), np.float64(13.592420575251904), np.float64(12.301895296921781), np.float64(16.114989063363836)]",12.214,"[0.44477092 0.64273473 0.49250044 0.5081786  0.56105755 0.62803694
 0.57164918]","[0.44477092 0.64273473 0.49250044 0.5081786  0.56105755 0.62803694
 0.57164918]","[0.51968793 1.         0.82968642 1.         0.95308069 0.91006318
 1.        ]",1.880,0.000
C:\Users\itama\OneDrive\מסמכים\GitHub\STIPA-python\STIPA-recs\STIPA recs simulations\small dataset\dataset\stipa_1.88s_ambient noise_SNR10dB.wav,stipa_1.88s_ambient noise_SNR10dB.wav,0.588,7.458,92.542,0.033,0.406,7.938,92.062,0.033,0.380,"[np.float64(9.751245701267237), np.float64(26.737861952209144), np.float64(19.89551448213124), np.float64(26.268365020362893), np.float64(23.605119594367594), np.float64(22.305022088016088), np.float64(26.1133348802225)]",22.097,"[0.50592449 0.67120322 0.52628467 0.52022595 0.59135286 0.68989808
 0.59289664]","[0.50592449 0.67120322 0.52628467 0.52022595 0.59135286 0.68989808
 0.59289664]","[0.82504152 1.         1.         1.         1.         1.
 1.        ]",1.880,10.000
C:\Users\itama\OneDrive\מסמכים\GitHub\STIPA-python\STIPA-recs\STIPA recs simulations\small dataset\dataset\stipa_2.58s_ambient noise_SNR-10dB.wav,stipa_2.58s_ambient noise_SNR-10dB.wav,0.356,79.766,20.234,0.397,0.101,61.656,38.344,0.397,0.247,"[np.float64(-2.550297008498077), np.float64(4.001492828848469), np.float64(2.576110264139408), np.float64(4.1765560272125075), np.float64(1.699017399003986), np.float64(4.3276409234963005), np.float64(8.66414080515465)]",3.271,"[0.4149901  0.42234478 0.40964835 0.33861242 0.29100819 0.35135186
 0.3275861 ]","[0.44950305 0.42234478 0.40964835 0.33861242 0.29100819 0.35135186
 0.3275861 ]","[0.4149901  0.63338309 0.58587034 0.63921853 0.55663391 0.6442547
 0.78880469]",2.580,-10.000
C:\Users\itama\OneDrive\מסמכים\GitHub\STIPA-python\STIPA-recs\STIPA recs simulations\small dataset\dataset\stipa_2.58s_ambient noise_SNR0dB.wav,stipa_2.58s_ambient noise_SNR0dB.wav,0.412,14.047,85.953,0.093,0.569,15.803,84.197,0.093,0.495,"[np.float64(5.2908945426031595), np.float64(13.987973889388542), np.float64(12.598619053075815), np.float64(14.215121518770243), np.float64(11.737572075649547), np.float64(14.331118597452495), np.float64(18.66288838218894)]",12.975,"[0.47991147 0.48954828 0.48034535 0.36350036 0.35356065 0.42050971
 0.35385589]","[0.47991147 0.48954828 0.48034535 0.36350036 0.35356065 0.42050971
 0.35385589]","[0.67636315 0.9662658  0.91995397 0.97383738 0.8912524  0.97770395
 1.        ]",2.580,0.000
C:\Users\itama\OneDrive\מסמכים\GitHub\STIPA-python\STIPA-recs\STIPA recs simulations\small dataset\dataset\stipa_2.58s_ambient noise_SNR10dB.wav,stipa_2.58s_ambient noise_SNR10dB.wav,0.430,1.786,98.214,0.010,0.568,1.812,98.188,0.010,0.560,"[np.float64(14.925468902814805), np.float64(23.983940307319564), np.float64(22.601399682238803), np.float64(24.219318413412985), np.float64(21.747592886703323), np.float64(24.334084223259254), np.float64(28.657862084970773)]",22.924,"[0.53197169 0.50593305 0.49647879 0.37129825 0.3696725  0.43645403
 0.35914068]","[0.53197169 0.50593305 0.49647879 0.37129825 0.3696725  0.43645403
 0.35914068]","[0.99751563 1.         1.         1.         1.         1.
 1.        ]",2.580,10.000
C:\Users\itama\OneDrive\מסמכים\GitHub\STIPA-python\STIPA-recs\STIPA recs simulations\small dataset\dataset\stipa_3.57s_ambient noise_SNR-10dB.wav,stipa_3.57s_ambient noise_SNR-10dB.wav,0.367,72.312,27.688,0.426,0.163,67.254,32.746,0.426,0.207,"[np.float64(-4.202498856913221), np.float64(5.523702597456669), np.float64(4.080127088769894), np.float64(3.458489178243086), np.float64(1.1045457386430892), np.float64(2.213965192743325), np.float64(5.206726998696079)]",2.484,"[0.3599167  0.40675907 0.37917965 0.35792101 0.33163763 0.38911916
 0.37622175]","[0.43500244 0.40675907 0.37917965 0.35792101 0.33163763 0.38911916
 0.37622175]","[0.3599167  0.68412342 0.63600424 0.61528297 0.53681819 0.57379884
 0.67355757]",3.570,-10.000
C:\Users\itama\OneDrive\מסמכים\GitHub\STIPA-python\STIPA-recs\STIPA recs simulations\small dataset\dataset\stipa_3.57s_ambient noise_SNR0dB.wav,stipa_3.57s_ambient noise_SNR0dB.wav,0.443,19.091,80.909,0.112,0.475,20.106,79.894,0.112,0.445,"[np.float64(2.7683367782549215), np.float64(15.550472254288854), np.float64(14.104608437051596), np.float64(13.51141525625881), np.float64(11.161625910710725), np.float64(12.18943973105382), np.float64(15.205101469069465)]",12.070,"[0.45283187 0.44372054 0.44079491 0.40339929 0.4266287  0.50834418
 0.44088685]","[0.45283187 0.44372054 0.44079491 0.40339929 0.4266287  0.50834418
 0.44088685]","[0.59227789 1.         0.97015361 0.95038051 0.8720542  0.90631466
 1.        ]",3.570,0.000
C:\Users\itama\OneDrive\מסמכים\GitHub\STIPA-python\STIPA-recs\STIPA recs simulations\small dataset\dataset\stipa_3.57s_ambient noise_SNR10dB.wav,stipa_3.57s_ambient noise_SNR10dB.wav,0.466,3.916,96.084,0.022,0.531,4.049,95.951,0.022,0.513,"[np.float64(12.313767638891415), np.float64(25.559449812260514), np.float64(24.109658271428366), np.float64(23.518700018757915), np.float64(21.17697357797411), np.float64(22.18475753331493), np.float64(25.200962209283)]",22.009,"[0.50031063 0.45444793 0.45539236 0.41636543 0.45020933 0.53940648
 0.45577771]","[0.50031063 0.45444793 0.45539236 0.41636543 0.45020933 0.53940648
 0.45577771]","[0.91045892 1.         1.         1.         1.         1.
 1.        ]",3.570,10.000
C:\Users\itama\OneDrive\מסמכים\GitHub\STIPA-python\STIPA-recs\STIPA recs simulations\small dataset\dataset\stipa_3.60s_ambient noise_SNR-10dB.wav,stipa_3.60s_ambient noise_SNR-10dB.wav,0.354,86.424,13.576,0.469,0.074,72.570,27.430,0.469,0.177,"[np.float64(-4.527166696397273), np.float64(5.593496633617564), np.float64(4.453802507414787), np.float64(3.3805311606358908), np.float64(-0.4513550520762668), np.float64(-0.8599981491576416), np.float64(1.8880084168293183)]",1.354,"[0.34909444 0.47267675 0.43034984 0.38445949 0.29427097 0.28351673
 0.34880793]","[0.43098636 0.47267675 0.43034984 0.38445949 0.29427097 0.28351673
 0.34880793]","[0.34909444 0.68644989 0.64846008 0.61268437 0.48495483 0.4713334
 0.56293361]",3.600,-10.000
C:\Users\itama\OneDrive\מסמכים\GitHub\STIPA-python\STIPA-recs\STIPA recs simulations\small dataset\dataset\stipa_3.60s_ambient noise_SNR0dB.wav,stipa_3.60s_ambient noise_SNR0dB.wav,0.445,24.905,75.095,0.155,0.469,27.991,72.009,0.155,0.400,"[np.float64(2.2096622384825633), np.float64(15.683056086014101), np.float64(14.466453037974532), np.float64(13.431377612592934), np.float64(9.587127534685646), np.float64(9.111603754105762), np.float64(11.871964221224305)]",10.909,"[0.45663895 0.53087755 0.51049817 0.43884657 0.39595046 0.40543999
 0.44736012]","[0.45663895 0.53087755 0.51049817 0.43884657 0.39595046 0.40543999
 0.44736012]","[0.57365541 1.         0.9822151  0.94771259 0.81957092 0.80372013
 0.89573214]",3.600,0.000
C:\Users\itama\OneDrive\מסמכים\GitHub\STIPA-python\STIPA-recs\STIPA recs simulations\small dataset\dataset\stipa_3.60s_ambient noise_SNR10dB.wav,stipa_3.60s_ambient noise_SNR10dB.wav,0.477,4.459,95.541,0.024,0.518,4.623,95.377,0.024,0.499,"[np.float64(11.730600269716042), np.float64(25.711437476140063), np.float64(24.467966667661397), np.float64(23.43761497190688), np.float64(19.595271783933573), np.float64(19.108096855819564), np.float64(21.872785589421028)]",20.846,"[0.54578586 0.54406393 0.53174292 0.45109265 0.42253916 0.44588107
 0.47074365]","[0.54578586 0.54406393 0.53174292 0.45109265 0.42253916 0.44588107
 0.47074365]","[0.89102001 1.         1.         1.         1.         1.
 1.        ]",3.600,10.000
